Postal,Location,Highway,County,Confidence,Note
001,NORTHERN ISLANDS / PALETO POINT,,BLAINE,High,
002,PALETO BAY - NORTH POINT,,BLAINE,Medium,
003,PALETO BAY BEACH (N),,BLAINE,Medium,
004,PROCOPIO PROMENADE (N),,BLAINE,Medium,
005,PROCOPIO PROMENADE,,BLAINE,Medium,
006,PALETO BEACH (N),,BLAINE,Medium,
007,PROCOPIO DR / PALETO BEACH,,BLAINE,Medium,
008,PALETO BEACH / PROCOPIO PROMENADE,,BLAINE,Medium,
009,PALETO BEACH,,BLAINE,High,
010,PALETO BEACH (S),,BLAINE,Medium,
011,PROCOPIO PROMENADE (S),,BLAINE,Medium,
012,PALETO COVE - WEST SPIT,,BLAINE,Low - check,No road label near this postal
013,PALETO COVE BEACH,,BLAINE,Low - check,No road label near this postal
014,PROCOPIO PROMENADE / PROCOPIO TRAIL,,BLAINE,Medium,
015,PROCOPIO WAY,,BLAINE,High,
016,DULUOZ AVE (W),,BLAINE,Medium,
017,PROCOPIO DR / DULUOZ AVE,,BLAINE,Medium,
018,DULUOZ AVE,,BLAINE,High,
019,PALETO BLVD / DULUOZ AVE,,BLAINE,Medium,
020,PROCOPIO DR,,BLAINE,High,
021,PALETO BLVD,,BLAINE,High,
022,CASCABEL AVE / PROCOPIO DR,,BLAINE,Medium,
023,CASCABEL AVE,,BLAINE,High,
024,CASCABEL AVE / PALETO BLVD,,BLAINE,Medium,
025,PROCOPIO DR,,BLAINE,High,
026,PALETO BLVD / PROCOPIO DR,,BLAINE,Medium,
027,PROCOPIO DR (N),,BLAINE,Medium,
028,PALETO BLVD (N),,BLAINE,Medium,
029,PALETO BLVD (N END),,BLAINE,Medium,
030,PROCOPIO PROMENADE,,BLAINE,High,
031,PROMENADE TRAILS,,BLAINE,High,
032,PALETO BAY (N),,BLAINE,Medium,
033,PALETO BAY BEACH (NE),,BLAINE,Medium,
034,PROCOPIO PROMENADE,,BLAINE,High,
035,PROCOPIO BEACH (W),,BLAINE,Medium,
036,PROCOPIO BEACH,,BLAINE,High,
037,PROCOPIO BEACH / GREAT OCEAN HWY,RTE 1,BLAINE,Medium,
038,GREAT OCEAN HWY - PALETO BAY,RTE 1,BLAINE,High,
039,GREAT OCEAN HWY / PALETO BLVD,RTE 1,BLAINE,High,
040,PALETO BLVD / GREAT OCEAN HWY,RTE 1,BLAINE,Medium,
041,PALETO BLVD,,BLAINE,High,
042,PYRITE AVE,,BLAINE,Medium,
043,PYRITE AVE / PALETO BLVD,,BLAINE,Medium,
044,DULUOZ AVE / PALETO BLVD,,BLAINE,Medium,
045,PALETO BLVD (S),,BLAINE,Medium,
046,PALETO BLVD - FIRE STATION 3,,BLAINE,Medium,
047,PALETO BAY SHERIFF / GREAT OCEAN HWY,RTE 1,BLAINE,Medium,
048,GREAT OCEAN HWY / PROCOPIO TRAIL,RTE 1,BLAINE,Medium,
049,PROCOPIO TRAIL,,BLAINE,Medium,
050,PALETO LOOP TRAIL / COAST,,BLAINE,Medium,
051,GREAT OCEAN HWY,RTE 1,BLAINE,High,
052,PINE TREE RD - PALETO FOREST,,BLAINE,Medium,
053,LUMBER YARD - RIDGELINE LOOP TRAIL,,BLAINE,Medium,
054,PALETO FOREST / PINE TREE TRAIL,,BLAINE,Medium,
055,PALETO LOOP TRAIL,,BLAINE,Medium,
056,GREAT OCEAN HWY / PALETO LOOP TRAIL,RTE 1,BLAINE,Low - check,May be just off the highway
057,PINE TREE TRAIL,,BLAINE,Medium,
058,GREAT OCEAN HWY / PINE TREE TRAIL,RTE 1,BLAINE,Medium,
059,GREAT OCEAN HWY - MILE 06,RTE 1,BLAINE,Low - check,Number partly hidden by the mile marker
060,GREAT OCEAN HWY,RTE 1,BLAINE,High,
061,GREAT OCEAN HWY,RTE 1,BLAINE,High,
062,GREAT OCEAN HWY (E PALETO),RTE 1,BLAINE,Medium,
063,GREAT OCEAN HWY,RTE 1,BLAINE,Medium,
064,GREAT OCEAN HWY,RTE 1,BLAINE,High,
065,GREAT OCEAN HWY,RTE 1,BLAINE,Medium,
066,GREAT OCEAN HWY,RTE 1,BLAINE,High,
067,GREAT OCEAN HWY - PROCOPIO BEACH,RTE 1,BLAINE,High,
068,GREAT OCEAN HWY,RTE 1,BLAINE,Medium,
069,GREAT OCEAN HWY / COAST,RTE 1,BLAINE,Medium,
070,GREAT OCEAN HWY / SENORA FWY SPLIT,RTE 1,BLAINE,Medium,
071,MOUNT GORDO (W),,BLAINE,Medium,Area postal (large label)
072,SENORA FWY - BRADDOCK PASS,RTE 13,BLAINE,High,
073,GORDO TRAIL,,BLAINE,Medium,
074,MOUNT GORDO (N COAST),,BLAINE,Medium,
075,MOUNT GORDO,,BLAINE,High,
076,GORDO TRAIL,,BLAINE,Medium,
077,MOUNT GORDO (E COAST),,BLAINE,Medium,
078,MOUNT GORDO (E COAST),,BLAINE,Medium,
079,GORDO DRIVE,,BLAINE,Medium,
080,CAMP GORDO,,BLAINE,High,
081,GORDO LIGHTHOUSE,,BLAINE,High,
082,CATFISH VIEW,,BLAINE,High,
083,CATFISH VIEW,,BLAINE,Medium,
084,CATFISH VIEW (E),,BLAINE,Medium,
086,CATFISH VIEW (S),,BLAINE,Medium,
087,UNION RD (E OF SENORA FWY),,BLAINE,Medium,
088,UNION RD,,BLAINE,High,
089,SENORA FWY / DOTS LANE,RTE 13,BLAINE,Medium,
090,SEAVIEW RD (S),,BLAINE,Medium,
091,PINTO LANE,,BLAINE,Medium,
092,FARMER RD / MAIZE RD,,BLAINE,Medium,
093,FARMER RD,,BLAINE,Medium,
094,CATTLE RD / GRAPESEED WAY,,BLAINE,Medium,
095,HAYSEED RD,,BLAINE,Medium,
096,GRAPESEED WAY,,BLAINE,High,
097,GRAPESEED AVE / SENORA FWY,,BLAINE,Medium,
098,HAYSEED WAY,,BLAINE,Medium,
099,GRAPESEED AVE (E),,BLAINE,Medium,
100,SENORA FWY / UNION RD,RTE 13,BLAINE,Medium,
101,DOTS LANE,,BLAINE,Medium,
102,RANCHER RD / CATTLE RD,,BLAINE,Medium,
103,SWINE RD / CATTLE RD,,BLAINE,Medium,
104,SEAVIEW RD,,BLAINE,High,
105,RANCHER RD - GRAPESEED,,BLAINE,Medium,
106,O'NEIL WAY / CATTLE RD,,BLAINE,Medium,
107,UNION RD / SENORA FWY,RTE 13,BLAINE,High,
108,DOTS LANE / UNION RD,,BLAINE,Medium,
109,PHIRE LANE / JOAD LANE,,BLAINE,Medium,
110,MCKENZIE AIRFIELD,,BLAINE,High,
111,MCKENZIE AIRFIELD / ORCHARD LANE,,BLAINE,Medium,
112,SEAVIEW RD (W),,BLAINE,Medium,
113,NORTH CALAFIA WAY / SEAVIEW RD,,BLAINE,Medium,
114,GRAPESEED MAIN ST (S),,BLAINE,Medium,
115,GRAPESEED MAIN ST,,BLAINE,Medium,
116,GRAPESEED MAIN ST (W),,BLAINE,Medium,
117,GRAPESEED MAIN ST / BOAR LANE,,BLAINE,Medium,
118,MCKENZIE RD / BOAR LANE,,BLAINE,Medium,
119,MCKENZIE RD / PHIRE WAY,,BLAINE,Medium,
120,UNION WAY,,BLAINE,High,
121,GRAPESEED MAIN ST / UNION WAY,,BLAINE,Medium,
122,CATTLE RD (N),,BLAINE,Medium,
123,UNION RD (N),,BLAINE,High,
124,BRADDOCK LANE,,BLAINE,Medium,
125,BRADDOCK LANE / SENORA FWY,,BLAINE,Low - check,Could count as Senora Fwy (Rte 13)
126,FALCON CHILIAD TRAIL / BRADDOCK PASS,,BLAINE,Medium,
127,FALCON CHILIAD TRAIL,,BLAINE,High,
128,EAGLE CHILIAD TRAIL,,BLAINE,High,
129,EAGLE CHILIAD TRAIL,,BLAINE,Medium,
130,FALCON CHILIAD TRAIL,,BLAINE,High,
131,GREAT OCEAN HWY (S SIDE),RTE 1,BLAINE,Low - check,Sits just south of the highway
132,MOUNT CHILIAD (N),,BLAINE,Medium,Area postal (large label)
133,FALCON CHILIAD TRAIL,,BLAINE,High,
134,EAGLE CHILIAD TRAIL,,BLAINE,High,
135,CHILIAD TRAIL,,BLAINE,High,
136,MOUNT CHILIAD (E),,BLAINE,Medium,Area postal (large label)
137,NORTH CALAFIA WAY,,BLAINE,High,
138,FISHERY LANE - ALAMO SEA,,BLAINE,Low - check,Road label hard to read
139,NORTH CALAFIA WAY,,BLAINE,High,
140,ALAMO SEA,,BLAINE,Medium,Area postal (large label)
141,ALAMO SEA (NW SHORE),,BLAINE,Low - check,Road label hard to read
142,NORTH CALAFIA WAY,,BLAINE,High,
143,CHILIAD TRAIL,,BLAINE,High,
144,CHILIAD TRAIL,,BLAINE,Medium,
145,MOUNT CHILIAD SUMMIT TRAIL,,BLAINE,Medium,
145N,MOUNT CHILIAD (N SLOPE),,BLAINE,Medium,Area postal (large label)
146,CHILIAD TRAIL (S),,BLAINE,Medium,
147,CHILIAD MTN STATE WILDERNESS (E),,BLAINE,Low - check,No road label near this postal
148,BASE TRAIL,,BLAINE,Medium,
149,BASE TRAIL / PINE TREE RD,,BLAINE,Medium,
150,BASE TRAIL,,BLAINE,Medium,
151,PINE TREE RD,,BLAINE,High,
152,GREAT OCEAN HWY,RTE 1,BLAINE,High,
153,GREAT OCEAN HWY / COAST,RTE 1,BLAINE,Medium,
154,SUBMARINE LANE,,BLAINE,High,
155,GREAT OCEAN HWY - MILE 05,RTE 1,BLAINE,High,
156,GREAT OCEAN HWY,RTE 1,BLAINE,Medium,
157,GREAT OCEAN HWY / BASIN DRIVE,RTE 1,BLAINE,Medium,
158,BASIN VIEW,,BLAINE,Medium,
159,BASIN TRAIL / KARIN TRAIL,,BLAINE,Medium,
160,BASIN TRAIL,,BLAINE,Medium,
161,KARIN DRIVE,,BLAINE,High,
162,ALTRUIST CAMP,,BLAINE,High,
163,HANGAR TERRACE / CULT LANE,,BLAINE,Medium,
164,HANGAR TRAIL,,BLAINE,Medium,
165,HANGAR TERRACE,,BLAINE,Medium,
166,HANGAR TERRACE (S),,BLAINE,Medium,
167,BASIN DRIVE,,BLAINE,High,
168,BEAVER TRAIL,,BLAINE,Medium,
169,HANGAR TRAIL,,BLAINE,Medium,
170,BASIN DRIVE,,BLAINE,Medium,
171,RIDGELINE LOOP TRAIL,,BLAINE,Medium,
172,PINE TREE PASS,,BLAINE,Medium,
173,PINE TREE RD,,BLAINE,High,
174,BASIN DRIVE / CASSIDY CREEK,,BLAINE,Medium,
175,NORTH CALAFIA WAY,,BLAINE,High,
176,CASSIDY CREEK / CALAFIA BRIDGE,,BLAINE,Medium,
177,CASSIDY CREEK (S),,BLAINE,Low - check,
178,CALAFIA ROAD,,BLAINE,Medium,
179,CALAFIA ROAD,,BLAINE,High,
180,STAB CITY,,BLAINE,High,
181,ZANCUDO RIVER BRIDGE / ROUTE 68 APPROACH,,BLAINE,Medium,
182,MOUNT JOSIAH (N),,BLAINE,Medium,Area postal (large label)
183,RATON TRAILS,,BLAINE,Medium,
184,RATON EAST,,BLAINE,Medium,
185,CASSIDY TRAIL,,BLAINE,High,
186,RATON WEST,,BLAINE,Medium,
187,RATON PASS,,BLAINE,Medium,
188,RATON PASS,,BLAINE,Medium,
189,RATON CANYON,,BLAINE,High,
190,RATON CANYON (W),,BLAINE,Medium,
191,RATON PASS (W),,BLAINE,Medium,
192,CASSIDY TRAIL (W),,BLAINE,Medium,
193,GREAT OCEAN HWY - CASSIDY CREEK BRIDGE,RTE 1,BLAINE,High,
194,GREAT OCEAN HWY,RTE 1,BLAINE,Medium,
195,GREAT OCEAN HWY - NORTH CHUMASH BEACH,RTE 1,BLAINE,Medium,
196,GREAT OCEAN HWY,RTE 1,BLAINE,Medium,
197,RATON CANYON (S),,BLAINE,Medium,Area postal (large label)
198,GREAT OCEAN HWY / COAST,RTE 1,BLAINE,Medium,
199,FORT ZANCUDO (W BEACH),,BLAINE,Medium,
200,FORT ZANCUDO - W RUNWAY,,BLAINE,High,
201,FORT ZANCUDO - RUNWAY,,BLAINE,High,
202,FORT ZANCUDO,,BLAINE,High,
203,FORT ZANCUDO,,BLAINE,High,
204,FORT ZANCUDO,,BLAINE,High,
205,FORT ZANCUDO (N),,BLAINE,High,
206,FORT ZANCUDO,,BLAINE,High,
207,FORT ZANCUDO (N),,BLAINE,High,
208,FORT ZANCUDO,,BLAINE,High,
209,FORT ZANCUDO (E),,BLAINE,High,
210,FORT ZANCUDO (E GATE),,BLAINE,Medium,
211,FORT ZANCUDO - HANGARS,,BLAINE,High,
212,FORT ZANCUDO (S),,BLAINE,High,
213,FORT ZANCUDO - RUNWAY,,BLAINE,High,
214,FORT ZANCUDO - LAGO ZANCUDO,,BLAINE,High,
215,GREAT OCEAN HWY - FORT ZANCUDO,RTE 1,BLAINE,Medium,
216,GREAT OCEAN HWY - ZANCUDO BRIDGE,RTE 1,BLAINE,Medium,
217,FORT ZANCUDO (S),,BLAINE,Medium,
218,LAGO ZANCUDO WETLANDS,,BLAINE,High,
219,FORT ZANCUDO APPROACH RD,,BLAINE,Medium,
220,MOUNT JOSIAH,,BLAINE,Medium,Area postal (large label)
221,ROUTE 68 - ZANCUDO RIVER,RTE 68,BLAINE,Medium,
222,ZANCUDO RIVER,,BLAINE,Medium,
223,RAPID'S EDGE ROAD,,BLAINE,Medium,
224,HARMONY RELIEF ROAD,,BLAINE,Medium,
225,ROUTE 68 / ROUTE 68 APPROACH,RTE 68,BLAINE,High,
226,ROUTE 68,RTE 68,BLAINE,High,
227,ROUTE 68 / JOSHUA RD - MILE 03,RTE 68,BLAINE,High,
228,JOSHUA ROAD - HARMONY,,BLAINE,High,
229,ROUTE 68 APPROACH,,BLAINE,High,
230,JOSHUA ROAD,,BLAINE,High,
231,JOSHUA ROAD,,BLAINE,High,
232,JOSHUA RD / ROUTE 68 APPROACH,,BLAINE,Medium,
233,MARINA TRAIL / JOSHUA RD,,BLAINE,Medium,
234,MARINA DRIVE (W),,BLAINE,High,
235,MARINA DRIVE,,BLAINE,High,
236,JOSHUA ROAD,,BLAINE,High,
237,JOSHUA WAY,,BLAINE,High,
238,ROUTE 68 BYPASS,,BLAINE,High,
239,HARMONY (N),,BLAINE,Medium,
240,HARMONY,,BLAINE,High,
241,HARMONY LANE / ROUTE 68,RTE 68,BLAINE,High,
242,ROUTE 68 / O'HENRY LANE,RTE 68,BLAINE,Medium,
243,ROUTE 68 / REBEL ROAD,RTE 68,BLAINE,High,
244,HARMONY (E),,BLAINE,High,
245,HARMONY TRAILS,,BLAINE,High,
246,HARMONY LOOP RD (S),,BLAINE,Medium,
247,ROUTE 68,RTE 68,BLAINE,High,
248,HARMONY LOOP ROAD,,BLAINE,High,
249,HARMONY LOOP ROAD,,BLAINE,High,
250,ROUTE 68 BYPASS / AIRFIELD,,BLAINE,Medium,
251,JOSHUA ROAD,,BLAINE,High,
252,MARINA DRIVE,,BLAINE,High,
253,MARINA DRIVE,,BLAINE,High,
254,MARINA DRIVE,,BLAINE,High,
255,JOSHUA ROAD / JOSHUA PASS,,BLAINE,High,
256,JOSHUA WAY,,BLAINE,High,
257,SANDY SHORES AIRFIELD,,BLAINE,High,
258,ROUTE 68 BYPASS,,BLAINE,High,
259,HARMONY LOOP ROAD,,BLAINE,High,
260,ROUTE 68,RTE 68,BLAINE,High,
261,GRAND SENORA DESERT,,BLAINE,Medium,
262,BROOK TRAIL,,BLAINE,High,
263,BROOK TRAIL,,BLAINE,High,
264,GRAND SENORA DESERT,,BLAINE,High,
265,SANDY SHORES AIRFIELD (E),,BLAINE,Medium,
266,AIRFIELD ACCESS RD,,BLAINE,Medium,
267,AIRFIELD ACCESS RD,,BLAINE,Medium,
268,JOSHUA WAY,,BLAINE,High,
269,JOSHUA ROAD,,BLAINE,High,
270,SANDY SHORES BEACH,,BLAINE,High,
271,MARINA DR,,BLAINE,Medium,
272,ALGONQUIN BLVD,,BLAINE,Medium,
273,JOSHUA RD,,BLAINE,Medium,
274,ALGONQUIN BLVD,,BLAINE,Medium,
275,EAST JOSHUA RD,,BLAINE,Medium,
276,JOSHUA WAY,,BLAINE,High,
277,PANORAMA DR,,BLAINE,Medium,
278,ROUTE 68 BYPASS,,BLAINE,Medium,
279,ROUTE 68,RTE 68,BLAINE,Medium,
280,SMOKE TREE RD,,BLAINE,Medium,
281,GRAND SENORA DESERT NATIONAL PARK,,BLAINE,High,
282,EAST JOSHUA RD,,BLAINE,Medium,
283,ALGONQUIN BLVD - FIRE STATION 2,,BLAINE,Medium,
284,ALHAMBRA DR,,BLAINE,Medium,
285,CHOLLA SPRINGS AVE,,BLAINE,Medium,
286,CHOLLA SPRINGS AVE,,BLAINE,Medium,
287,SANDY SHORES (W),,BLAINE,Medium,
288,MARINA DR,,BLAINE,High,
289,ARMADILLO AVE,,BLAINE,Medium,
290,MARINA DR (N),,BLAINE,Medium,
291,ARMADILLO AVE,,BLAINE,Medium,
292,MOUNTAIN VIEW DR,,BLAINE,Medium,
293,ZANCUDO AVE,,BLAINE,Low - check,Number partly hidden by a map icon
294,ALHAMBRA DR,,BLAINE,Medium,
295,NILAND AVE,,BLAINE,Medium,
296,MARINA DR,,BLAINE,Medium,
297,MARINA DR / NILAND AVE,,BLAINE,Low - check,Number partly hidden by a map icon
298,SANDY SHORES BEACH (E),,BLAINE,Medium,
299,SANDY SHORES BEACH,,BLAINE,High,
300,ALHAMBRA DR (E),,BLAINE,Medium,
301,CAT-CLAW AVE,,BLAINE,Medium,
302,GRAND SENORA DESERT,,BLAINE,Low - check,
303,CAT-CLAW AVE,,BLAINE,Medium,
304,CHOLLA RD,,BLAINE,Medium,
305,YUCCA RD,,BLAINE,Medium,
306,YUCCA RD (S),,BLAINE,Medium,
307,SENORA FWY,RTE 13,BLAINE,Medium,
308,YUCCA RD / SENORA FWY,,BLAINE,Medium,
309,YUCCA TRAIL LANE,,BLAINE,Medium,
310,YUCCA LOOP TRAIL,,BLAINE,Medium,
311,CAT-CLAW AVE,,BLAINE,Medium,
312,YUCCA LOOP TRAIL,,BLAINE,Medium,
313,YUCCA RD,,BLAINE,Medium,
314,SENORA FWY,RTE 13,BLAINE,Medium,
315,YUCCA TRAIL,,BLAINE,Medium,
316,CAT-CLAW AVE (N),,BLAINE,Medium,
317,EAST JOSHUA RD,,BLAINE,Medium,
318,EAST JOSHUA RD,,BLAINE,Medium,
319,EAST JOSHUA RD,,BLAINE,High,
320,SENORA FWY / CHIANSKI PASSAGE,RTE 13,BLAINE,Medium,
321,SAN CHIANSKI MTN RANGE (N),,BLAINE,Medium,Area postal (large label)
322,CHIANSKI PASSAGE,,BLAINE,Medium,
323,SENORA FWY,RTE 13,BLAINE,Medium,
324,CHIANSKI PASSAGE,,BLAINE,Medium,
325,CHIANSKI PASSAGE / HUMANE LABS,,BLAINE,Medium,
326,HUMANE LABS AND RESEARCH,,BLAINE,High,
327,HUMANE LABS AND RESEARCH,,BLAINE,High,
328,HUMANE LABS AND RESEARCH,,BLAINE,High,
329,SAN CHIANSKI MOUNTAIN RANGE,,BLAINE,Medium,Area postal (large label)
330,DAVIS QUARTZ QUARRY,,BLAINE,High,
331,DAVIS QUARTZ QUARRY,,BLAINE,High,
332,DAVIS QUARTZ QUARRY,,BLAINE,High,
333,DAVIS QUARTZ QUARRY,,BLAINE,High,
334,SENORA WAY,,BLAINE,Medium,
335,SENORA WAY (S),,BLAINE,Medium,
336,PIRATE COVE / SENORA WAY,,BLAINE,Medium,Also used as an area label; County border uncertain
337,SENORA WAY,,BLAINE,Medium,County border uncertain
338,PALMER-TAYLOR POWER STATION (N),,BLAINE,Medium,County border uncertain
339,PALMER-TAYLOR POWER STATION,,BLAINE,High,County border uncertain
340,PALMER-TAYLOR POWER STATION,,BLAINE,High,County border uncertain
341,PALMER-TAYLOR POWER STATION (E),,BLAINE,High,County border uncertain
342,PALMER-TAYLOR POWER STATION (S),,BLAINE,High,County border uncertain
343,PALMER-TAYLOR POWER STATION,,BLAINE,High,County border uncertain
344,PALMER-TAYLOR POWER STATION,,BLAINE,High,County border uncertain
345,SENORA FWY / PALOMINO FWY SPLIT,RTE 13,BLAINE,Low - check,County border uncertain
346,WINDFARM ACCESS RD,,BLAINE,Low - check,County border uncertain
347,WINDFARM ACCESS RD,,BLAINE,Low - check,County border uncertain
348,WINDFARM ACCESS RD,,BLAINE,Low - check,County border uncertain
349,WINDMILL VIEW,,BLAINE,Medium,County border uncertain
350,WINDMILL VIEW,,BLAINE,Medium,County border uncertain
351,WINDMILL VIEW (N),,BLAINE,Medium,County border uncertain
352,SENORA FWY / LOS SANTOS FWY SPLIT,RTE 13,BLAINE,Medium,
353,SENORA FWY (E SIDE),,BLAINE,Low - check,
354,WINDMILL VIEW (N),,BLAINE,Low - check,
355,SENORA WAY,,BLAINE,Medium,
356,SENORA VIEW,,BLAINE,Low - check,
357,SENORA FWY,RTE 13,BLAINE,Low - check,
358,SENORA FWY (E),,BLAINE,Medium,
359,SENORA FWY,RTE 13,BLAINE,Medium,
360,BOLINGBROKE ACCESS TRAIL,,BLAINE,Medium,
361,ROUTE 68 / SATELLITE ACCESS RD,RTE 68,BLAINE,Medium,
362,BOLINGBROKE APPROACH RD,,BLAINE,Medium,
363,BOLINGBROKE ACCESS TRAILS,,BLAINE,Medium,
364,BOLINGBROKE PENITENTIARY,,BLAINE,High,
365,BOLINGBROKE PENITENTIARY,,BLAINE,High,
366,BOLINGBROKE PENITENTIARY (S),,BLAINE,High,
367,BOLINGBROKE (E),,BLAINE,Low - check,
368,SENORA FWY (W SIDE),,BLAINE,Medium,
369,REDWOOD LIGHTS TRACK (E),,BLAINE,Medium,
370,REDWOOD LIGHTS TRACK,,BLAINE,High,
371,REDWOOD ACCESS ROAD,,BLAINE,High,
372,REBEL ROAD,,BLAINE,High,
373,CAT TRAIL ROAD,,BLAINE,High,
374,SENORA ROAD (S),,BLAINE,Medium,
375,HARMONY LANE,,BLAINE,High,
376,GALILEO BYPASS,,BLAINE,Medium,
377,JOBE LANE / PEDRO LANE,,BLAINE,Medium,
378,HARMONY RELIEF ROAD / ROUTE 68,RTE 68,BLAINE,Medium,
379,ROUTE 68,RTE 68,BLAINE,Medium,
380,GALILEO BYPASS / JOBE LANE,,BLAINE,Medium,
381,GALILEO BYPASS (S),,LOS SANTOS,Low - check,County border uncertain
382,GREAT CHAPARRAL,,LOS SANTOS,Low - check,County border uncertain
383,BAYTREE CANYON RD,,LOS SANTOS,Medium,County border uncertain
384,MOUNT VINEWOOD DR,,LOS SANTOS,Medium,County border uncertain
385,GREAT CHAPARRAL,,LOS SANTOS,Low - check,County border uncertain
386,GREAT CHAPARRAL,,LOS SANTOS,Low - check,County border uncertain
387,GREAT CHAPARRAL (S),,LOS SANTOS,Low - check,County border uncertain
388,GALILEO OBSERVATORY,,LOS SANTOS,High,
389,GALILEO OBSERVATORY (N),,LOS SANTOS,Medium,
390,VINEWOOD HILLS (NW),,LOS SANTOS,Low - check,
391,GREAT CHAPARRAL (S),,LOS SANTOS,Low - check,County border uncertain
392,VINEWOOD HILLS (NW),,LOS SANTOS,Low - check,
393,ROUTE 11 (S),RTE 11,LOS SANTOS,Medium,
394,GREAT CHAPARRAL (W),,LOS SANTOS,Low - check,County border uncertain
395,GREAT CHAPARRAL (W),,LOS SANTOS,Low - check,Area postal; county border uncertain
396,MOUNT VINEWOOD DR,,LOS SANTOS,Low - check,County border uncertain
397,MOUNT VINEWOOD DR,,LOS SANTOS,Medium,County border uncertain
398,MOUNT VINEWOOD DR,,LOS SANTOS,Medium,County border uncertain
399,ZANCUDO BARRANCA,,LOS SANTOS,Medium,County border uncertain
400,GREAT CHAPARRAL (W),,LOS SANTOS,Low - check,County border uncertain
401,MOUNT VINEWOOD DR (N),,LOS SANTOS,Low - check,County border uncertain
402,MOUNT VINEWOOD DR (N),,BLAINE,Medium,
403,ROUTE 68 - MILE 02,RTE 68,BLAINE,Medium,
404,FORT ZANCUDO APPROACH RD / ROUTE 68,RTE 68,BLAINE,Medium,
405,TONGVA DRIVE,,LOS SANTOS,Medium,County border uncertain
406,ZANCUDO BARRANCA / ROUTE 11,RTE 11,LOS SANTOS,Medium,County border uncertain
407,ZANCUDO ROAD / ROUTE 68,RTE 68,BLAINE,Medium,
408,MARLOWE VINEYARDS (N),,LOS SANTOS,Low - check,County border uncertain
409,MARLOWE VINEYARDS,,LOS SANTOS,Medium,County border uncertain
410,TONGVA HILLS,,LOS SANTOS,Low - check,County border uncertain
411,ROUTE 11 - TONGVA VALLEY,RTE 11,LOS SANTOS,Medium,County border uncertain
412,ROUTE 11,RTE 11,LOS SANTOS,Medium,County border uncertain
413,TONGVA HILLS,,LOS SANTOS,Medium,Area postal; county border uncertain
414,TONGVA HILLS,,LOS SANTOS,Medium,County border uncertain
415,TONGVA HILLS,,LOS SANTOS,Medium,County border uncertain
416,BUEN VINO RD / ROUTE 68,RTE 68,BLAINE,Medium,
417,TONGVA HILLS,,LOS SANTOS,Medium,County border uncertain
418,ROUTE 68 (W END),RTE 68,BLAINE,Low - check,Number partly hidden by a map icon
419,GREAT OCEAN HWY / ROUTE 68,RTE 1,BLAINE,Medium,
420,GREAT OCEAN HWY,RTE 1,LOS SANTOS,Medium,County border uncertain
421,TONGVA HILLS (W),,LOS SANTOS,Medium,County border uncertain
422,GREAT OCEAN HWY (W),,LOS SANTOS,Low - check,County border uncertain
423,GREAT OCEAN HWY,RTE 1,LOS SANTOS,Medium,County border uncertain
424,GREAT OCEAN HWY,RTE 1,LOS SANTOS,Medium,County border uncertain
425,GREAT OCEAN HWY (S),,LOS SANTOS,Medium,
426,GREAT OCEAN HWY - BANHAM CANYON,RTE 1,LOS SANTOS,Medium,
427,GREAT OCEAN HWY,RTE 1,LOS SANTOS,Medium,
428,BANHAM CANYON DR,,LOS SANTOS,High,
429,BANHAM CANYON DR,,LOS SANTOS,High,
430,NORTH ROCKFORD DR / ROUTE 11,RTE 11,LOS SANTOS,Medium,
431,NORTH ROCKFORD DR,,LOS SANTOS,Medium,
432,BANHAM CANYON (S),,LOS SANTOS,Medium,Area postal (large label)
433,GREAT OCEAN HWY - CHUMASH,RTE 1,LOS SANTOS,Medium,
434,CHUMASH PIER,,LOS SANTOS,High,
435,CHUMASH,,LOS SANTOS,High,
436,GREAT OCEAN HWY - CHUMASH,RTE 1,LOS SANTOS,Medium,
437,GREAT OCEAN HWY,RTE 1,LOS SANTOS,Medium,
438,GREAT OCEAN HWY - MILE 01,RTE 1,LOS SANTOS,Medium,
439,GREAT OCEAN HWY,RTE 1,LOS SANTOS,Medium,
440,GREAT OCEAN HWY - SOUTH CHUMASH BEACH,RTE 1,LOS SANTOS,Medium,
442,KORTZ CENTER,,LOS SANTOS,High,
443,KORTZ CENTER,,LOS SANTOS,High,
444,NORTH ROCKFORD DR,,LOS SANTOS,Medium,
445,NORTH ROCKFORD DR,,LOS SANTOS,Medium,
446,NORTH ROCKFORD DR,,LOS SANTOS,Medium,
447,RICHMAN,,LOS SANTOS,Medium,
448,PACIFIC BLUFFS,,LOS SANTOS,Medium,
449,RICHMAN (S),,LOS SANTOS,Medium,
450,RICHMAN GOLF COURSE (W),,LOS SANTOS,Medium,
451,RICHMAN GOLF COURSE,,LOS SANTOS,High,
452,RICHMAN,,LOS SANTOS,Medium,
453,UNIVERSITY OF SAN ANDREAS,,LOS SANTOS,High,
454,UNIVERSITY OF SAN ANDREAS,,LOS SANTOS,High,
455,RICHMAN ST,,LOS SANTOS,Medium,
456,NORTH ROCKFORD DR,,LOS SANTOS,Medium,
457,RICHMAN GLEN,,LOS SANTOS,Medium,
458,RICHMAN ST,,LOS SANTOS,Medium,
459,RICHMAN ST,,LOS SANTOS,Medium,
460,RICHMAN GLEN,,LOS SANTOS,Medium,
461,VINEWOOD HILLS (W),,LOS SANTOS,Medium,
462,NORTH SHERIDAN DR,,LOS SANTOS,Low - check,
463,PICTURE PERFECT DR,,LOS SANTOS,Medium,
464,PICTURE PERFECT DR,,LOS SANTOS,Medium,
465,VINEWOOD HILLS,,LOS SANTOS,Medium,
466,VINEWOOD HILLS,,LOS SANTOS,Medium,
467,NORTH SHERIDAN DR,,LOS SANTOS,Low - check,
468,VINEWOOD HILLS,,LOS SANTOS,Medium,
469,PICTURE PERFECT DR,,LOS SANTOS,Medium,
470,WEST ECLIPSE BLVD (N),,LOS SANTOS,Medium,
471,WEST ECLIPSE BLVD,,LOS SANTOS,Medium,
472,PICTURE PERFECT DR,,LOS SANTOS,Medium,
473,ECLIPSE BLVD,,LOS SANTOS,Medium,
474,VINEWOOD HILLS,,LOS SANTOS,Medium,
475,VINEWOOD HILLS,,LOS SANTOS,Medium,
476,VINEWOOD HILLS,,LOS SANTOS,Medium,
477,VINEWOOD HILLS,,LOS SANTOS,Medium,
478,VINEWOOD HILLS,,LOS SANTOS,Medium,
479,VINEWOOD HILLS,,LOS SANTOS,Medium,
480,VINEWOOD HILLS,,LOS SANTOS,Medium,
481,VINEWOOD HILLS (N),,LOS SANTOS,Medium,
482,VINEWOOD HILLS (N),,LOS SANTOS,Medium,
483,VINEWOOD HILLS,,LOS SANTOS,Medium,
484,VINEWOOD HILLS,,LOS SANTOS,Medium,
485,VINEWOOD HILLS (N),,LOS SANTOS,Medium,
486,VINEWOOD HILLS,,LOS SANTOS,Medium,
487,VINEWOOD HILLS,,LOS SANTOS,Medium,
488,VINEWOOD HILLS,,LOS SANTOS,Medium,
489,ECLIPSE BLVD,,LOS SANTOS,Medium,
490,ECLIPSE BLVD,,LOS SANTOS,Medium,
491,ECLIPSE BLVD,,LOS SANTOS,Medium,
492,VINEWOOD HILLS,,LOS SANTOS,Medium,
493,VINEWOOD HILLS,,LOS SANTOS,Medium,
494,VINEWOOD HILLS,,LOS SANTOS,Medium,
495,LAKE VINEWOOD (W),,LOS SANTOS,Medium,
496,LAKE VINEWOOD (N),,LOS SANTOS,Medium,
497,LAKE VINEWOOD (N),,LOS SANTOS,Medium,
498,LAKE VINEWOOD,,LOS SANTOS,Medium,
499,LAKE VINEWOOD,,LOS SANTOS,Medium,
500,LAKE VINEWOOD,,LOS SANTOS,High,
501,VINEWOOD HILLS (E),,LOS SANTOS,Medium,
502,VINEWOOD HILLS (E),,LOS SANTOS,Medium,
503,ECLIPSE BLVD (E),,LOS SANTOS,Medium,
504,VINEWOOD HILLS (E),,LOS SANTOS,Medium,
505,VINEWOOD HILLS (E),,LOS SANTOS,Medium,
506,WHISPYMOUND DR / LAKE VINEWOOD,,LOS SANTOS,Low - check,
507,LAKE VINEWOOD (E),,LOS SANTOS,Medium,
508,BAYTREE CANYON RD,,LOS SANTOS,Medium,
509,BAYTREE CANYON RD,,LOS SANTOS,Medium,
510,BAYTREE CANYON RD / WHISPYMOUND DR,,LOS SANTOS,Medium,
511,BAYTREE CANYON RD (S),,LOS SANTOS,Low - check,Number partly hidden by a map icon
512,VINEWOOD HILLS (SE),,LOS SANTOS,Medium,
513,BEAVER BUSH RANGER STATION,,LOS SANTOS,High,
514,BAYTREE CANYON RD,,LOS SANTOS,Medium,
515,BAYTREE CANYON RD (N),,LOS SANTOS,Medium,
516,BAYTREE CANYON RD (N),,LOS SANTOS,Medium,County border uncertain
517,BAYTREE CANYON RD (S),,LOS SANTOS,Medium,County border uncertain
518,GREAT CHAPARRAL,,LOS SANTOS,Medium,County border uncertain
519,BAYTREE CANYON RD,,LOS SANTOS,Medium,County border uncertain
520,GREAT CHAPARRAL,,LOS SANTOS,Medium,County border uncertain
521,BAYTREE CANYON RD,,LOS SANTOS,Medium,County border uncertain
522,BAYTREE CANYON RD (E),,LOS SANTOS,Medium,County border uncertain
523,BAYTREE CANYON RD / REDWOOD LIGHTS,,BLAINE,Medium,
524,GRAND SENORA DESERT (S),,BLAINE,Low - check,
525,MOUNT HAAN RD,,LOS SANTOS,Medium,County border uncertain
526,VINEWOOD HILLS (E),,LOS SANTOS,Medium,
527,VINEWOOD HILLS (E),,LOS SANTOS,Medium,
528,VINEWOOD HILLS (E),,LOS SANTOS,Medium,
529,VINEWOOD HILLS (E),,LOS SANTOS,Medium,
530,VINEWOOD HILLS (E),,LOS SANTOS,Medium,
531,VINEWOOD BOWL,,LOS SANTOS,High,
532,VINEWOOD BOWL (S),,LOS SANTOS,Medium,
533,LOS SANTOS FWY,I-1,LOS SANTOS,Medium,
534,MOUNT HAAN DR,,LOS SANTOS,Medium,
535,LOS SANTOS FWY (W),,LOS SANTOS,Medium,
536,MOUNT HAAN DR,,LOS SANTOS,Medium,
537,LA FUENTE BLANCA (W),,LOS SANTOS,Medium,
538,LA FUENTE BLANCA,,LOS SANTOS,High,
539,LA FUENTE BLANCA,,LOS SANTOS,High,
540,MOUNT HAAN DR,,LOS SANTOS,Medium,County border uncertain
541,SENORA FWY (W) / MOUNT HAAN RD,,LOS SANTOS,Low - check,County border uncertain
542,SENORA FWY (W),,LOS SANTOS,Low - check,County border uncertain
543,LOS SANTOS FWY (W),,LOS SANTOS,Low - check,
544,SENORA FWY / LOS SANTOS FWY,RTE 13,LOS SANTOS,Medium,
545,LA FUENTE BLANCA (E) / SENORA FWY,,LOS SANTOS,Medium,
546,LOS SANTOS FWY,I-1,LOS SANTOS,Medium,
547,TATAVIAM MOUNTAINS (N),,LOS SANTOS,Medium,
548,PALOMINO FWY,RTE 15,LOS SANTOS,Medium,
549,PALOMINO FWY,RTE 15,LOS SANTOS,Medium,
550,TATAVIAM MOUNTAINS,,LOS SANTOS,Medium,
551,TATAVIAM MTNS - AQUEDUCT,,LOS SANTOS,Medium,
552,LOS SANTOS FWY / AQUEDUCT,,LOS SANTOS,Medium,
553,TATAVIAM DRIVE,,LOS SANTOS,Medium,
554,PALOMINO FWY (W),,LOS SANTOS,Medium,
555,PALOMINO FWY - REST STOP,RTE 15,LOS SANTOS,Medium,
556,TATAVIAM ARCH / COAST,,LOS SANTOS,Medium,Area postal (large label)
557,PALOMINO FWY - MILE 02,RTE 15,LOS SANTOS,Medium,
558,PALOMINO FWY,RTE 15,LOS SANTOS,Low - check,
559,TATAVIAM DRIVE (E),,LOS SANTOS,Medium,
560,LAND ACT RESERVOIR,,LOS SANTOS,High,
561,LAND ACT RESERVOIR (S),,LOS SANTOS,Medium,
562,TATAVIAM DRIVE (S),,LOS SANTOS,Medium,
563,TATAVIAM MOUNTAINS (S),,LOS SANTOS,Medium,Area postal (large label)
564,PALOMINO FWY,RTE 15,LOS SANTOS,Medium,
565,PALOMINO HIGHLANDS (N),,LOS SANTOS,Medium,
566,PALOMINO HIGHLANDS - COAST,,LOS SANTOS,Medium,
567,PALOMINO FWY (E),,LOS SANTOS,Low - check,
568,PALOMINO FWY - MILE 01,RTE 15,LOS SANTOS,Medium,
569,PALOMINO FWY,RTE 15,LOS SANTOS,Low - check,
570,MIRROR PARK (E),,LOS SANTOS,Medium,
571,MIRROR PARK (E),,LOS SANTOS,Medium,
572,MIRROR PARK BLVD,,LOS SANTOS,Medium,
573,MIRROR PARK (N),,LOS SANTOS,Medium,
574,MIRROR PARK - LAKE,,LOS SANTOS,High,
575,NIKOLA AVE,,LOS SANTOS,Medium,
576,MIRROR PARK,,LOS SANTOS,Medium,
577,NIKOLA AVE,,LOS SANTOS,High,
578,POPULAR ST,,LOS SANTOS,Medium,
579,GLORY WAY,,LOS SANTOS,Medium,
580,MIRROR PARK BLVD,,LOS SANTOS,Medium,
581,MIRROR PARK BLVD (N),,LOS SANTOS,Medium,
582,VINEWOOD RACETRACK,,LOS SANTOS,High,
583,VINEWOOD RACETRACK,,LOS SANTOS,High,
584,LOS SANTOS FWY,I-1,LOS SANTOS,Medium,
585,VINEWOOD PARK DR / RACETRACK,,LOS SANTOS,Medium,
586,VINEWOOD PARK DR,,LOS SANTOS,Medium,
587,MIRROR PARK BLVD,,LOS SANTOS,Medium,
588,MIRROR PARK BLVD,,LOS SANTOS,Medium,
589,MIRROR PARK,,LOS SANTOS,Medium,
590,GLORY WAY,,LOS SANTOS,Medium,
591,MIRROR PARK BLVD,,LOS SANTOS,Medium,
592,EAST VINEWOOD,,LOS SANTOS,Medium,
593,CLINTON AVE,,LOS SANTOS,Medium,
594,POWER ST,,LOS SANTOS,Medium,
595,POWER ST / CLINTON AVE,,LOS SANTOS,Medium,
596,ALTA ST,,LOS SANTOS,Medium,
597,CLINTON AVE (W),,LOS SANTOS,Medium,
598,VINEWOOD BLVD,,LOS SANTOS,Medium,
599,VINEWOOD BLVD,,LOS SANTOS,High,
600,VINEWOOD BLVD,,LOS SANTOS,Medium,
601,ELGIN AVE / VINEWOOD BLVD,,LOS SANTOS,Medium,
602,LOS SANTOS FWY,I-1,LOS SANTOS,Medium,
603,SPANISH AVE,,LOS SANTOS,Medium,
604,SPANISH AVE,,LOS SANTOS,Medium,
605,VINEWOOD BLVD,,LOS SANTOS,Medium,
606,SPANISH AVE,,LOS SANTOS,Medium,
607,HAWICK AVE,,LOS SANTOS,Medium,
608,ALTA ST,,LOS SANTOS,Medium,
609,POWER ST,,LOS SANTOS,Medium,
610,HAWICK AVE,,LOS SANTOS,Medium,
611,ELGIN AVE,,LOS SANTOS,Medium,
612,HAWICK AVE,,LOS SANTOS,Medium,
613,OCCUPATION AVE,,LOS SANTOS,Medium,
614,HAWICK AVE / POWER ST,,LOS SANTOS,Medium,
615,OCCUPATION AVE,,LOS SANTOS,Medium,
616,OCCUPATION AVE,,LOS SANTOS,High,
617,ALTA ST,,LOS SANTOS,Medium,
618,LAS LAGUNAS BLVD,,LOS SANTOS,Medium,
619,LAS LAGUNAS BLVD,,LOS SANTOS,Medium,
620,SAN VITUS BLVD,,LOS SANTOS,Medium,
621,HAWICK AVE,,LOS SANTOS,Medium,
622,SPANISH AVE,,LOS SANTOS,Medium,
623,SPANISH AVE,,LOS SANTOS,Medium,
624,SPANISH AVE,,LOS SANTOS,Medium,
625,ECLIPSE BLVD (S),,LOS SANTOS,Low - check,
626,HAWICK AVE,,LOS SANTOS,Medium,
627,SAN VITUS BLVD / HAWICK AVE,,LOS SANTOS,Medium,
628,LAS LAGUNAS BLVD,,LOS SANTOS,Medium,
629,DORSET DR,,LOS SANTOS,Medium,
630,DORSET DR,,LOS SANTOS,High,
631,DORSET DR,,LOS SANTOS,Medium,
632,DORSET DR,,LOS SANTOS,Low - check,Number partly hidden by a map icon
633,SAN VITUS BLVD,,LOS SANTOS,Medium,
634,HAWICK AVE,,LOS SANTOS,Medium,
635,SPANISH AVE,,LOS SANTOS,Medium,
636,WEST ECLIPSE BLVD,,LOS SANTOS,Medium,
637,WEST ECLIPSE BLVD,,LOS SANTOS,Medium,
638,SPANISH AVE,,LOS SANTOS,Medium,
639,BOULEVARD DEL PERRO / HAWICK AVE,,LOS SANTOS,Medium,
640,ROCKFORD HILLS,,LOS SANTOS,Medium,
641,CARCER WAY,,LOS SANTOS,Medium,
642,PORTOLA DR,,LOS SANTOS,Medium,
643,PORTOLA DR,,LOS SANTOS,Medium,
644,BOULEVARD DEL PERRO,,LOS SANTOS,Medium,
645,SPANISH AVE (W),,LOS SANTOS,Medium,
646,WEST ECLIPSE BLVD,,LOS SANTOS,Medium,
647,EDWOOD WAY,,LOS SANTOS,Medium,
648,WEST ECLIPSE BLVD,,LOS SANTOS,Medium,
649,RICHMAN GOLF COURSE (E),,LOS SANTOS,Medium,
650,SOUTH ROCKFORD DR,,LOS SANTOS,Medium,
651,SOUTH ROCKFORD DR,,LOS SANTOS,Medium,
652,ROCKFORD HILLS,,LOS SANTOS,High,
653,ROCKFORD HILLS,,LOS SANTOS,Medium,
654,ROCKFORD HILLS (S),,LOS SANTOS,Medium,
655,MARATHON AVE,,LOS SANTOS,Medium,
656,SOUTH ROCKFORD DR,,LOS SANTOS,Medium,
657,DORSET DR (W),,LOS SANTOS,Medium,
658,DORSET DR,,LOS SANTOS,Medium,
659,MARATHON AVE,,LOS SANTOS,Medium,
660,MARATHON AVE,,LOS SANTOS,Medium,
661,DEL PERRO FWY (N),,LOS SANTOS,Medium,
662,BACKLOT CITY,,LOS SANTOS,High,
663,MARATHON AVE,,LOS SANTOS,Medium,
664,MORNINGWOOD BLVD,,LOS SANTOS,Medium,
665,MORNINGWOOD,,LOS SANTOS,Medium,
666,MORNINGWOOD BLVD,,LOS SANTOS,Medium,
667,MORNINGWOOD BLVD,,LOS SANTOS,Medium,
668,BOULEVARD DEL PERRO,,LOS SANTOS,Medium,
669,MARATHON AVE,,LOS SANTOS,Medium,
670,BOULEVARD DEL PERRO,,LOS SANTOS,Medium,
671,BOULEVARD DEL PERRO,,LOS SANTOS,Medium,
672,MORNINGWOOD,,LOS SANTOS,Medium,
673,DEL PERRO (N),,LOS SANTOS,Medium,
674,DEL PERRO,,LOS SANTOS,Medium,
675,BOULEVARD DEL PERRO,,LOS SANTOS,Medium,
676,BAY CITY AVE,,LOS SANTOS,Medium,
677,MARATHON AVE (S),,LOS SANTOS,Medium,
678,BAY CITY AVE,,LOS SANTOS,Medium,
679,BAY CITY INCLINE,,LOS SANTOS,Medium,
680,BAY CITY INCLINE,,LOS SANTOS,Medium,
681,PLAYA VISTA,,LOS SANTOS,Medium,
682,WEST ECLIPSE BLVD,,LOS SANTOS,Medium,
683,WEST ECLIPSE BLVD / GREAT OCEAN HWY,,LOS SANTOS,Medium,
684,GREAT OCEAN HWY / DEL PERRO FWY,RTE 1,LOS SANTOS,Medium,
685,DEL PERRO BEACH (N),,LOS SANTOS,Medium,
686,DEL PERRO BEACH,,LOS SANTOS,High,
687,DEL PERRO PIER (N),,LOS SANTOS,Medium,
688,DEL PERRO PIER,,LOS SANTOS,High,
689,VESPUCCI BEACH (N),,LOS SANTOS,Medium,
690,VESPUCCI BEACH,,LOS SANTOS,Medium,
691,VESPUCCI BEACH (S),,LOS SANTOS,Medium,
692,VESPUCCI BEACH,,LOS SANTOS,Medium,
693,VESPUCCI BEACH (S),,LOS SANTOS,Medium,
694,VESPUCCI - FIRE STATION,,LOS SANTOS,Medium,
695,VESPUCCI CANALS,,LOS SANTOS,Medium,
696,VESPUCCI,,LOS SANTOS,Medium,
697,VESPUCCI,,LOS SANTOS,Medium,
698,VESPUCCI,,LOS SANTOS,Medium,
699,VESPUCCI,,LOS SANTOS,Medium,
700,VESPUCCI BLVD (W),,LOS SANTOS,Medium,
701,SAN ANDREAS AVE (W),,LOS SANTOS,Medium,
702,DEL PERRO (S),,LOS SANTOS,Medium,
703,DEL PERRO (S),,LOS SANTOS,Medium,
704,SAN ANDREAS AVE,,LOS SANTOS,Medium,
705,VESPUCCI BLVD,,LOS SANTOS,Medium,
706,VESPUCCI,,LOS SANTOS,Medium,
707,PALOMINO AVE,,LOS SANTOS,Medium,
708,VESPUCCI CANALS,,LOS SANTOS,Medium,
709,PUERTO DEL SOL,,LOS SANTOS,Medium,
710,PUERTO DEL SOL,,LOS SANTOS,Medium,
711,LA PUERTA,,LOS SANTOS,Medium,
712,PUERTO DEL SOL,,LOS SANTOS,Medium,
713,PALOMINO AVE (S),,LOS SANTOS,Medium,
714,PALOMINO AVE,,LOS SANTOS,Medium,
715,LITTLE SEOUL (W),,LOS SANTOS,Medium,
716,LITTLE SEOUL,,LOS SANTOS,Medium,
717,DEL PERRO FWY,I-2,LOS SANTOS,Medium,
718,LITTLE SEOUL (N),,LOS SANTOS,Medium,
719,LITTLE SEOUL,,LOS SANTOS,Medium,
720,LITTLE SEOUL,,LOS SANTOS,Medium,
721,LITTLE SEOUL,,LOS SANTOS,Medium,
722,LITTLE SEOUL,,LOS SANTOS,Medium,
723,LITTLE SEOUL (S),,LOS SANTOS,Medium,
724,LITTLE SEOUL (S),,LOS SANTOS,Medium,
725,LINDSAY CIRCUS,,LOS SANTOS,Medium,
726,LINDSAY CIRCUS,,LOS SANTOS,High,
727,GINGER ST,,LOS SANTOS,Medium,
728,GINGER ST,,LOS SANTOS,Medium,
729,GINGER ST,,LOS SANTOS,Medium,
730,PALOMINO AVE,,LOS SANTOS,Medium,
731,PALOMINO AVE,,LOS SANTOS,Medium,
732,VESPUCCI BLVD,,LOS SANTOS,Medium,
733,VESPUCCI BLVD / LA PUERTA FWY,,LOS SANTOS,Medium,
734,LA PUERTA FWY,I-5,LOS SANTOS,Low - check,
735,GINGER ST / DEL PERRO FWY,,LOS SANTOS,Medium,
736,DEL PERRO FWY,I-2,LOS SANTOS,Medium,
737,PEACEFUL ST,,LOS SANTOS,Medium,
738,ALTA ST,,LOS SANTOS,High,
739,ALTA ST / LA PUERTA FWY,I-5,LOS SANTOS,Medium,
740,PEACEFUL ST,,LOS SANTOS,Medium,
741,INTEGRITY WAY,,LOS SANTOS,Medium,
742,SAN ANDREAS AVE,,LOS SANTOS,Medium,
743,SAN ANDREAS AVE,,LOS SANTOS,Medium,
744,ADAM'S APPLE BLVD / ALTA ST,,LOS SANTOS,High,
745,POWER ST,,LOS SANTOS,High,
746,ELGIN AVE - DOWNTOWN,,LOS SANTOS,Medium,
747,LOW POWER ST,,LOS SANTOS,Medium,
748,INTEGRITY WAY,,LOS SANTOS,Medium,
749,PILLBOX HILL MEDICAL CENTER,,LOS SANTOS,Medium,
750,ELGIN AVE,,LOS SANTOS,Medium,
751,ELGIN AVE,,LOS SANTOS,Medium,
752,VESPUCCI BLVD,,LOS SANTOS,Medium,
753,STRAWBERRY AVE,,LOS SANTOS,Medium,
754,STRAWBERRY AVE,,LOS SANTOS,Medium,
755,SINNER ST,,LOS SANTOS,Low - check,Number partly hidden by a map icon
756,STRAWBERRY AVE,,LOS SANTOS,Medium,
757,SINNER ST,,LOS SANTOS,Medium,
758,INTEGRITY WAY,,LOS SANTOS,Medium,
759,SINNER ST,,LOS SANTOS,Medium,
760,LITTLE BIGHORN AVE,,LOS SANTOS,Medium,
761,LITTLE BIGHORN AVE,,LOS SANTOS,Medium,
762,VESPUCCI BLVD,,LOS SANTOS,Medium,
763,VESPUCCI BLVD,,LOS SANTOS,Medium,
764,SAN ANDREAS AVE,,LOS SANTOS,Medium,
765,SAN ANDREAS AVE,,LOS SANTOS,Medium,
766,DEL PERRO FWY / LOS SANTOS FWY,I-2,LOS SANTOS,Medium,
767,DEL PERRO FWY,I-2,LOS SANTOS,Medium,
768,SAN ANDREAS AVE,,LOS SANTOS,Medium,
769,VESPUCCI BLVD,,LOS SANTOS,Medium,
770,VESPUCCI BLVD,,LOS SANTOS,Medium,
771,DEL PERRO FWY / SAN ANDREAS AVE,I-2,LOS SANTOS,Medium,
772,VESPUCCI BLVD (E),,LOS SANTOS,Medium,
773,OLYMPIC FWY / PALOMINO FWY,RTE 15,LOS SANTOS,Medium,
774,EL BURRO HEIGHTS (N),,LOS SANTOS,Medium,
775,SUSTANCIA RD,,LOS SANTOS,Medium,
776,SUSTANCIA RD (N),,LOS SANTOS,Medium,
777,PALOMINO HIGHLANDS,,LOS SANTOS,Medium,Area postal (large label)
778,EL BURRO HEIGHTS,,LOS SANTOS,Medium,
779,EL BURRO HEIGHTS,,LOS SANTOS,Medium,
780,EL BURRO HEIGHTS (E),,LOS SANTOS,Medium,
781,EL BURRO HEIGHTS,,LOS SANTOS,Medium,
782,MURRIETA OIL FIELD,,LOS SANTOS,High,
783,PALOMINO HIGHLANDS (S),,LOS SANTOS,Medium,Area postal (large label)
784,MURRIETA OIL FIELD,,LOS SANTOS,Medium,
785,MURRIETA OIL FIELD,,LOS SANTOS,Medium,
786,EL BURRO BLVD,,LOS SANTOS,Medium,
787,EL BURRO BLVD,,LOS SANTOS,Medium,
788,EL BURRO BLVD / ELYSIAN FIELDS FWY,,LOS SANTOS,Medium,
789,MURRIETA OIL FIELD (W),,LOS SANTOS,Medium,
790,EL RANCHO BLVD,,LOS SANTOS,Medium,
791,EL RANCHO BLVD,,LOS SANTOS,Medium,
792,AMARILLO VISTA,,LOS SANTOS,Medium,
793,AMARILLO WAY,,LOS SANTOS,Medium,
794,EAST LOS SANTOS - HOSPITAL,,LOS SANTOS,Medium,
795,CAPITAL BLVD,,LOS SANTOS,Medium,
796,CAPITAL BLVD,,LOS SANTOS,Medium,
797,INNOCENCE BLVD,,LOS SANTOS,Medium,
798,EL RANCHO BLVD,,LOS SANTOS,Medium,
799,EL RANCHO BLVD,,LOS SANTOS,Medium,
800,EL RANCHO BLVD,,LOS SANTOS,Medium,
801,EL RANCHO BLVD,,LOS SANTOS,Medium,
802,SOUTH SHAMBLES ST,,LOS SANTOS,Medium,
803,SOUTH SHAMBLES ST,,LOS SANTOS,Medium,
804,ELYSIAN FIELDS FWY,RTE 20,LOS SANTOS,Medium,
805,HANGER WAY,,LOS SANTOS,Medium,
806,DRY DOCK ST,,LOS SANTOS,Medium,
807,DRY DOCK ST,,LOS SANTOS,Medium,
808,EL RANCHO BLVD,,LOS SANTOS,Medium,
809,INNOCENCE BLVD,,LOS SANTOS,Medium,
810,CAPITAL BLVD,,LOS SANTOS,Medium,
811,OLYMPIC FWY,I-4,LOS SANTOS,Medium,
812,CAPITAL BLVD,,LOS SANTOS,Medium,
813,INNOCENCE BLVD,,LOS SANTOS,Medium,
814,INNOCENCE BLVD,,LOS SANTOS,Medium,
815,INNOCENCE BLVD,,LOS SANTOS,Medium,
816,LITTLE BIGHORN AVE,,LOS SANTOS,Medium,
817,EL RANCHO BLVD,,LOS SANTOS,Medium,
818,CYPRESS FLATS,,LOS SANTOS,Medium,
819,HANGER WAY,,LOS SANTOS,Medium,
820,CYPRESS FLATS (S),,LOS SANTOS,Medium,
821,CYPRESS FLATS,,LOS SANTOS,Medium,
822,LITTLE BIGHORN AVE,,LOS SANTOS,Medium,
823,JAMESTOWN ST,,LOS SANTOS,Medium,
824,ROY LOWENSTEIN BLVD,,LOS SANTOS,Medium,
825,ROY LOWENSTEIN BLVD,,LOS SANTOS,Medium,
826,CAPITAL BLVD,,LOS SANTOS,High,
827,DAVIS AVE,,LOS SANTOS,High,
828,ROY LOWENSTEIN BLVD,,LOS SANTOS,Medium,
829,JAMESTOWN ST,,LOS SANTOS,Medium,
830,DUTCH LONDON ST,,LOS SANTOS,Medium,
831,JAMESTOWN ST,,LOS SANTOS,Medium,
832,DAVIS SHERIFF'S STATION,,LOS SANTOS,Medium,
833,CENTRAL LS MEDICAL CENTER / CRUSADE RD,,LOS SANTOS,High,
834,CAPITAL BLVD,,LOS SANTOS,High,
835,STRAWBERRY AVE (N),,LOS SANTOS,Medium,
836,CORONER'S OFFICE / CRUSADE RD,,LOS SANTOS,High,
837,STRAWBERRY AVE,,LOS SANTOS,Medium,
838,SOUTH LOS SANTOS,,LOS SANTOS,Medium,
839,BROUGE AVE,,LOS SANTOS,Medium,
840,BROUGE AVE,,LOS SANTOS,Medium,
841,DUTCH LONDON ST,,LOS SANTOS,Medium,
842,DUTCH LONDON ST,,LOS SANTOS,Medium,
843,DUTCH LONDON ST (S),,LOS SANTOS,Medium,
844,DUTCH LONDON ST,,LOS SANTOS,Medium,
845,GROVE ST,,LOS SANTOS,Medium,
846,GROVE ST,,LOS SANTOS,Medium,
847,DAVIS AVE,,LOS SANTOS,Medium,
848,STRAWBERRY AVE,,LOS SANTOS,Medium,
849,INNOCENCE BLVD,,LOS SANTOS,Medium,
850,INNOCENCE BLVD,,LOS SANTOS,High,
851,INNOCENCE BLVD,,LOS SANTOS,High,
852,INNOCENCE BLVD,,LOS SANTOS,High,
853,STRAWBERRY AVE,,LOS SANTOS,Medium,
854,FORUM DR,,LOS SANTOS,Medium,
855,FORUM DR,,LOS SANTOS,Medium,
856,CARSON AVE,,LOS SANTOS,Medium,
857,DAVIS AVE / GROVE ST,,LOS SANTOS,Medium,
858,MAZE BANK ARENA (E),,LOS SANTOS,Medium,
859,AUTOPIA PKWY,,LOS SANTOS,Medium,
860,AUTOPIA PKWY,,LOS SANTOS,Medium,
861,AUTOPIA PKWY,,LOS SANTOS,Medium,
862,MAZE BANK ARENA (S),,LOS SANTOS,Medium,
863,MAZE BANK ARENA,,LOS SANTOS,High,
864,DAVIS AVE,,LOS SANTOS,Medium,
865,INNOCENCE BLVD / LA PUERTA FWY,,LOS SANTOS,High,
866,INNOCENCE BLVD / LA PUERTA FWY,,LOS SANTOS,High,
867,LA PUERTA,,LOS SANTOS,Medium,
868,MUTINY RD,,LOS SANTOS,Medium,
869,DAVIS AVE,,LOS SANTOS,Medium,
870,LA PUERTA FWY,I-5,LOS SANTOS,Medium,
871,LA PUERTA FWY,I-5,LOS SANTOS,Medium,
872,DUTCH LONDON ST,,LOS SANTOS,Medium,
873,LA PUERTA,,LOS SANTOS,Medium,
874,LA PUERTA,,LOS SANTOS,Medium,
875,LA PUERTA (S),,LOS SANTOS,Medium,
876,LA PUERTA (S),,LOS SANTOS,Low - check,Number partly hidden by a map icon
877,LS INTL AIRPORT - BEACH,,LOS SANTOS,Medium,
878,LS INTL AIRPORT (W),,LOS SANTOS,Medium,
879,LS INTL AIRPORT (W),,LOS SANTOS,Medium,
880,LOS SANTOS INTERNATIONAL AIRPORT,,LOS SANTOS,High,
881,LOS SANTOS INTERNATIONAL AIRPORT,,LOS SANTOS,High,
882,LOS SANTOS INTERNATIONAL AIRPORT,,LOS SANTOS,High,
883,LOS SANTOS INTERNATIONAL AIRPORT,,LOS SANTOS,High,
884,LOS SANTOS INTERNATIONAL AIRPORT,,LOS SANTOS,High,
885,LOS SANTOS INTERNATIONAL AIRPORT,,LOS SANTOS,High,
886,LOS SANTOS INTERNATIONAL AIRPORT,,LOS SANTOS,High,
887,LOS SANTOS INTERNATIONAL AIRPORT,,LOS SANTOS,High,
888,LOS SANTOS INTERNATIONAL AIRPORT,,LOS SANTOS,High,
889,LOS SANTOS INTERNATIONAL AIRPORT,,LOS SANTOS,High,
890,LOS SANTOS INTERNATIONAL AIRPORT,,LOS SANTOS,High,
891,LOS SANTOS INTERNATIONAL AIRPORT,,LOS SANTOS,High,
892,LOS SANTOS INTERNATIONAL AIRPORT,,LOS SANTOS,High,
893,LOS SANTOS INTERNATIONAL AIRPORT,,LOS SANTOS,High,
894,LOS SANTOS INTERNATIONAL AIRPORT,,LOS SANTOS,High,
895,LOS SANTOS INTERNATIONAL AIRPORT,,LOS SANTOS,High,
896,LOS SANTOS INTERNATIONAL AIRPORT,,LOS SANTOS,High,
897,LOS SANTOS INTERNATIONAL AIRPORT,,LOS SANTOS,High,
898,LOS SANTOS INTERNATIONAL AIRPORT,,LOS SANTOS,High,
899,LOS SANTOS INTERNATIONAL AIRPORT,,LOS SANTOS,High,
900,LOS SANTOS INTERNATIONAL AIRPORT,,LOS SANTOS,High,
901,LOS SANTOS INTERNATIONAL AIRPORT,,LOS SANTOS,High,
902,LOS SANTOS INTERNATIONAL AIRPORT,,LOS SANTOS,High,
903,LOS SANTOS INTERNATIONAL AIRPORT,,LOS SANTOS,High,
904,LOS SANTOS INTERNATIONAL AIRPORT,,LOS SANTOS,High,
905,LOS SANTOS INTERNATIONAL AIRPORT,,LOS SANTOS,High,
906,LS INTL AIRPORT (E),,LOS SANTOS,Medium,
907,LS INTL AIRPORT (E),,LOS SANTOS,Medium,
908,LA PUERTA FWY,I-5,LOS SANTOS,Low - check,
909,LA PUERTA FWY,I-5,LOS SANTOS,Medium,
910,PORT OF SOUTH LOS SANTOS,,LOS SANTOS,Medium,
911,PORT OF SOUTH LOS SANTOS,,LOS SANTOS,Medium,
912,PORT OF SOUTH LOS SANTOS,,LOS SANTOS,Medium,
913,PORT OF SOUTH LOS SANTOS,,LOS SANTOS,Medium,
914,PORT OF SOUTH LOS SANTOS,,LOS SANTOS,Medium,
915,PORT OF SOUTH LOS SANTOS,,LOS SANTOS,Medium,
916,PORT OF SOUTH LOS SANTOS,,LOS SANTOS,Medium,
917,PORT OF SOUTH LOS SANTOS,,LOS SANTOS,High,
918,PORT OF SOUTH LOS SANTOS,,LOS SANTOS,Medium,
919,PORT OF SOUTH LOS SANTOS,,LOS SANTOS,Medium,
920,PORT OF SOUTH LOS SANTOS,,LOS SANTOS,High,
921,PORT OF SOUTH LOS SANTOS,,LOS SANTOS,Medium,
922,PORT OF SOUTH LOS SANTOS,,LOS SANTOS,Medium,
923,PORT OF SOUTH LOS SANTOS,,LOS SANTOS,Medium,
924,PORT OF SOUTH LOS SANTOS,,LOS SANTOS,Medium,
925,PORT OF SOUTH LOS SANTOS,,LOS SANTOS,Medium,
926,PORT OF SOUTH LOS SANTOS,,LOS SANTOS,Medium,
927,PORT OF SOUTH LS - VODOO PLACE,,LOS SANTOS,Medium,
928,PORT OF SOUTH LS - VODOO PLACE,,LOS SANTOS,Medium,
929,MERRYWEATHER PORT,,LOS SANTOS,High,
930,MERRYWEATHER PORT,,LOS SANTOS,High,
931,MERRYWEATHER PORT,,LOS SANTOS,High,
932,BUCCANEER WAY (N),,LOS SANTOS,Medium,
933,ELYSIAN FIELDS FWY,RTE 20,LOS SANTOS,Medium,
934,CHUM ST,,LOS SANTOS,Medium,
935,CHUM ST,,LOS SANTOS,Medium,
936,BUCCANEER WAY,,LOS SANTOS,Medium,
937,BUCCANEER WAY - CONTAINER TERMINAL,,LOS SANTOS,Medium,
938,BUCCANEER WAY - CONTAINER TERMINAL,,LOS SANTOS,Medium,
939,BUCCANEER WAY - CONTAINER TERMINAL,,LOS SANTOS,Medium,
940,BUCCANEER WAY - CONTAINER TERMINAL,,LOS SANTOS,Medium,
941,BUCCANEER WAY - CONTAINER TERMINAL,,LOS SANTOS,Medium,
942,BUCCANEER WAY - CONTAINER TERMINAL,,LOS SANTOS,Medium,
943,BUCCANEER WAY - CONTAINER TERMINAL,,LOS SANTOS,Medium,
944,BUCCANEER WAY - CONTAINER TERMINAL,,LOS SANTOS,Medium,
945,BUCCANEER WAY - CONTAINER TERMINAL,,LOS SANTOS,Medium,
946,BUCCANEER WAY - CONTAINER TERMINAL,,LOS SANTOS,Medium,
